Account_Id,Bank_Name,IFSC_CODE,Account_number,Employee_Id
40,"Bank of India",BOINF0321,BOI326598,1
41,"State Bank Of India",SBINF7854,SBI895432,2
42,"Bank Of Baroda",BOBNF6598,BOB988756,3
43,"State Bank Of India",SBINF2698,SBI154852,4
44,"Bank Of Baroda",BOBNF5678,BOB457854,5
45,"Punjab National Bank",PUNBF9510,PNB257896,6
46,"State Bank Of India",SBINF7530,SBI789545,7
47,"Punjab National Bank",PUNBF6540,PNB985624,8
48,"Bank Of Baroda",BOBNF1573,BOB136587,9
49,"ICICI Bank",ICICI0691,ICI698715,10
