Department_Id,Project_Id,Project_name,Project_Description
1,21,"River Construction","water resources projects"
2,22,"Palace Constraction"," need to repair palace"
3,23,"Town Construction","Build new roads"
4,24,"River Construction","water resources projects"
5,25,"Palace Constraction"," need to repair palace"
6,26,"Town Construction","Build new roads"
7,27,"River  Construction","water resources projects"
8,28,"Palace Constraction"," need to repair palace"
9,29,"Town Construction","Build new roads"
10,30,"River Construction","water resources projects"
